Acipenser_ruthenus_NW_023263748.1_prot_XP_034775851.1_66346	d21ada8fa555b01d6880cc98e056a71f	258	SMART	SM00360	rrm1_1	18	86	2.4E-9	T	25-11-2020	IPR000504	RNA recognition motif domain	GO:0003676
Acipenser_ruthenus_NW_023263748.1_prot_XP_034775851.1_66346	d21ada8fa555b01d6880cc98e056a71f	258	MobiDBLite	mobidb-lite	consensus disorder prediction	88	102	-	T	25-11-2020
Acipenser_ruthenus_NW_023263748.1_prot_XP_034775851.1_66346	d21ada8fa555b01d6880cc98e056a71f	258	ProSiteProfiles	PS50102	Eukaryotic RNA Recognition Motif (RRM) profile.	17	90	11.759	T	25-11-2020	IPR000504	RNA recognition motif domain	GO:0003676
Acipenser_ruthenus_NW_023263748.1_prot_XP_034775851.1_66346	d21ada8fa555b01d6880cc98e056a71f	258	SUPERFAMILY	SSF54928	RNA-binding domain, RBD	3	91	4.3E-13	T	25-11-2020	IPR035979	RNA-binding domain superfamily	GO:0003676
Acipenser_ruthenus_NW_023263748.1_prot_XP_034775851.1_66346	d21ada8fa555b01d6880cc98e056a71f	258	Pfam	PF00076	RNA recognition motif. (a.k.a. RRM, RBD, or RNP domain)	19	84	2.4E-8	T	25-11-2020	IPR000504	RNA recognition motif domain	GO:0003676
Acipenser_ruthenus_NW_023263748.1_prot_XP_034775851.1_66346	d21ada8fa555b01d6880cc98e056a71f	258	Gene3D	G3DSA:3.30.70.330	-	12	113	2.7E-12	T	25-11-2020	IPR012677	Nucleotide-binding alpha-beta plait domain superfamily	
Acipenser_ruthenus_NW_023263748.1_prot_XP_034775851.1_66346	d21ada8fa555b01d6880cc98e056a71f	258	PANTHER	PTHR22948:SF12	TUDOR DOMAIN-CONTAINING PROTEIN 10	9	257	6.6E-54	T	25-11-2020
Acipenser_ruthenus_NW_023263748.1_prot_XP_034775851.1_66346	d21ada8fa555b01d6880cc98e056a71f	258	PANTHER	PTHR22948	TUDOR DOMAIN CONTAINING PROTEIN	9	257	6.6E-54	T	25-11-2020
Acipenser_ruthenus_NW_023263748.1_prot_XP_034775851.1_66346	d21ada8fa555b01d6880cc98e056a71f	258	MobiDBLite	mobidb-lite	consensus disorder prediction	88	151	-	T	25-11-2020
Acipenser_ruthenus_NC_048335.1_prot_XP_033885921.1_27352	ab437cbbde0baebab481a6f06a410112	227	PANTHER	PTHR22948	TUDOR DOMAIN CONTAINING PROTEIN	44	179	4.6E-13	T	25-11-2020
Acipenser_ruthenus_NC_048335.1_prot_XP_033885921.1_27352	ab437cbbde0baebab481a6f06a410112	227	SUPERFAMILY	SSF54928	RNA-binding domain, RBD	19	133	1.49E-13	T	25-11-2020	IPR035979	RNA-binding domain superfamily	GO:0003676
Acipenser_ruthenus_NC_048335.1_prot_XP_033885921.1_27352	ab437cbbde0baebab481a6f06a410112	227	Coils	Coil	Coil	196	223	-	T	25-11-2020
Acipenser_ruthenus_NC_048335.1_prot_XP_033885921.1_27352	ab437cbbde0baebab481a6f06a410112	227	Pfam	PF00076	RNA recognition motif. (a.k.a. RRM, RBD, or RNP domain)	71	124	1.0E-10	T	25-11-2020	IPR000504	RNA recognition motif domain	GO:0003676
Acipenser_ruthenus_NC_048335.1_prot_XP_033885921.1_27352	ab437cbbde0baebab481a6f06a410112	227	PANTHER	PTHR22948:SF12	TUDOR DOMAIN-CONTAINING PROTEIN 10	44	179	4.6E-13	T	25-11-2020
Acipenser_ruthenus_NC_048335.1_prot_XP_033885921.1_27352	ab437cbbde0baebab481a6f06a410112	227	CDD	cd00590	RRM_SF	26	127	4.57641E-10	T	25-11-2020
Acipenser_ruthenus_NC_048335.1_prot_XP_033885921.1_27352	ab437cbbde0baebab481a6f06a410112	227	ProSiteProfiles	PS50102	Eukaryotic RNA Recognition Motif (RRM) profile.	24	131	10.957	T	25-11-2020	IPR000504	RNA recognition motif domain	GO:0003676
Acipenser_ruthenus_NC_048335.1_prot_XP_033885921.1_27352	ab437cbbde0baebab481a6f06a410112	227	SMART	SM00360	rrm1_1	60	127	1.8E-7	T	25-11-2020	IPR000504	RNA recognition motif domain	GO:0003676
Acipenser_ruthenus_NW_023263749.1_prot_XP_034775873.1_66375	1b5a8306bcbbfd3aaab4df85e982e4b1	311	Pfam	PF00076	RNA recognition motif. (a.k.a. RRM, RBD, or RNP domain)	19	84	3.4E-8	T	25-11-2020	IPR000504	RNA recognition motif domain	GO:0003676
Acipenser_ruthenus_NW_023263749.1_prot_XP_034775873.1_66375	1b5a8306bcbbfd3aaab4df85e982e4b1	311	CDD	cd04508	TUDOR	251	291	4.7592E-5	T	25-11-2020
Acipenser_ruthenus_NW_023263749.1_prot_XP_034775873.1_66375	1b5a8306bcbbfd3aaab4df85e982e4b1	311	Pfam	PF00567	Tudor domain	238	310	2.9E-7	T	25-11-2020	IPR002999	Tudor domain	
Acipenser_ruthenus_NW_023263749.1_prot_XP_034775873.1_66375	1b5a8306bcbbfd3aaab4df85e982e4b1	311	Gene3D	G3DSA:2.30.30.140	-	221	309	3.0E-9	T	25-11-2020
Acipenser_ruthenus_NW_023263749.1_prot_XP_034775873.1_66375	1b5a8306bcbbfd3aaab4df85e982e4b1	311	MobiDBLite	mobidb-lite	consensus disorder prediction	88	102	-	T	25-11-2020
Acipenser_ruthenus_NW_023263749.1_prot_XP_034775873.1_66375	1b5a8306bcbbfd3aaab4df85e982e4b1	311	ProSiteProfiles	PS50102	Eukaryotic RNA Recognition Motif (RRM) profile.	17	90	11.759	T	25-11-2020	IPR000504	RNA recognition motif domain	GO:0003676
Acipenser_ruthenus_NW_023263749.1_prot_XP_034775873.1_66375	1b5a8306bcbbfd3aaab4df85e982e4b1	311	PANTHER	PTHR22948	TUDOR DOMAIN CONTAINING PROTEIN	9	310	1.5E-75	T	25-11-2020
Acipenser_ruthenus_NW_023263749.1_prot_XP_034775873.1_66375	1b5a8306bcbbfd3aaab4df85e982e4b1	311	SUPERFAMILY	SSF54928	RNA-binding domain, RBD	3	91	6.31E-13	T	25-11-2020	IPR035979	RNA-binding domain superfamily	GO:0003676
Acipenser_ruthenus_NW_023263749.1_prot_XP_034775873.1_66375	1b5a8306bcbbfd3aaab4df85e982e4b1	311	MobiDBLite	mobidb-lite	consensus disorder prediction	88	151	-	T	25-11-2020
Acipenser_ruthenus_NW_023263749.1_prot_XP_034775873.1_66375	1b5a8306bcbbfd3aaab4df85e982e4b1	311	SMART	SM00360	rrm1_1	18	86	2.4E-9	T	25-11-2020	IPR000504	RNA recognition motif domain	GO:0003676
Acipenser_ruthenus_NW_023263749.1_prot_XP_034775873.1_66375	1b5a8306bcbbfd3aaab4df85e982e4b1	311	Gene3D	G3DSA:3.30.70.330	-	12	112	4.0E-12	T	25-11-2020	IPR012677	Nucleotide-binding alpha-beta plait domain superfamily	
Acipenser_ruthenus_NW_023263749.1_prot_XP_034775873.1_66375	1b5a8306bcbbfd3aaab4df85e982e4b1	311	PANTHER	PTHR22948:SF12	TUDOR DOMAIN-CONTAINING PROTEIN 10	9	310	1.5E-75	T	25-11-2020
Acipenser_ruthenus_NW_023263749.1_prot_XP_034775873.1_66375	1b5a8306bcbbfd3aaab4df85e982e4b1	311	SUPERFAMILY	SSF63748	Tudor/PWWP/MBT	233	309	1.28E-9	T	25-11-2020
Amblyraja_radiata_NC_046002.1_prot_XP_032871766.1_37911	045d7a2cb71183530be58a7cd6328cae	325	MobiDBLite	mobidb-lite	consensus disorder prediction	8	29	-	T	26-11-2020
Amblyraja_radiata_NC_046002.1_prot_XP_032871766.1_37911	045d7a2cb71183530be58a7cd6328cae	325	PANTHER	PTHR22948:SF12	TUDOR DOMAIN-CONTAINING PROTEIN 10	22	312	1.2E-65	T	26-11-2020
Amblyraja_radiata_NC_046002.1_prot_XP_032871766.1_37911	045d7a2cb71183530be58a7cd6328cae	325	Pfam	PF00567	Tudor domain	205	309	3.2E-8	T	26-11-2020	IPR002999	Tudor domain	
Amblyraja_radiata_NC_046002.1_prot_XP_032871766.1_37911	045d7a2cb71183530be58a7cd6328cae	325	SUPERFAMILY	SSF54928	RNA-binding domain, RBD	35	106	1.61E-15	T	26-11-2020	IPR035979	RNA-binding domain superfamily	GO:0003676
Amblyraja_radiata_NC_046002.1_prot_XP_032871766.1_37911	045d7a2cb71183530be58a7cd6328cae	325	MobiDBLite	mobidb-lite	consensus disorder prediction	1	29	-	T	26-11-2020
Amblyraja_radiata_NC_046002.1_prot_XP_032871766.1_37911	045d7a2cb71183530be58a7cd6328cae	325	PANTHER	PTHR22948	TUDOR DOMAIN CONTAINING PROTEIN	22	312	1.2E-65	T	26-11-2020
Amblyraja_radiata_NC_046002.1_prot_XP_032871766.1_37911	045d7a2cb71183530be58a7cd6328cae	325	CDD	cd04508	TUDOR	243	284	4.2955E-5	T	26-11-2020
Amblyraja_radiata_NC_046002.1_prot_XP_032871766.1_37911	045d7a2cb71183530be58a7cd6328cae	325	Gene3D	G3DSA:2.30.30.140	-	213	308	6.0E-11	T	26-11-2020
Amblyraja_radiata_NC_046002.1_prot_XP_032871766.1_37911	045d7a2cb71183530be58a7cd6328cae	325	SUPERFAMILY	SSF63748	Tudor/PWWP/MBT	219	309	9.03E-11	T	26-11-2020
Amblyraja_radiata_NC_046002.1_prot_XP_032871766.1_37911	045d7a2cb71183530be58a7cd6328cae	325	SMART	SM00360	rrm1_1	38	106	4.6E-12	T	26-11-2020	IPR000504	RNA recognition motif domain	GO:0003676
Amblyraja_radiata_NC_046002.1_prot_XP_032871766.1_37911	045d7a2cb71183530be58a7cd6328cae	325	CDD	cd00590	RRM_SF	39	106	4.66106E-13	T	26-11-2020
Amblyraja_radiata_NC_046002.1_prot_XP_032871766.1_37911	045d7a2cb71183530be58a7cd6328cae	325	ProSiteProfiles	PS50304	Tudor domain profile.	239	298	8.609	T	26-11-2020	IPR002999	Tudor domain	
Amblyraja_radiata_NC_046002.1_prot_XP_032871766.1_37911	045d7a2cb71183530be58a7cd6328cae	325	Pfam	PF00076	RNA recognition motif. (a.k.a. RRM, RBD, or RNP domain)	39	103	4.9E-11	T	26-11-2020	IPR000504	RNA recognition motif domain	GO:0003676
Amblyraja_radiata_NC_046002.1_prot_XP_032871766.1_37911	045d7a2cb71183530be58a7cd6328cae	325	ProSiteProfiles	PS50102	Eukaryotic RNA Recognition Motif (RRM) profile.	37	110	12.168	T	26-11-2020	IPR000504	RNA recognition motif domain	GO:0003676
Amblyraja_radiata_NC_046002.1_prot_XP_032871766.1_37911	045d7a2cb71183530be58a7cd6328cae	325	Gene3D	G3DSA:3.30.70.330	-	1	113	1.1E-14	T	26-11-2020	IPR012677	Nucleotide-binding alpha-beta plait domain superfamily	
Biomphalaria_glabrata_NW_013264163.1_prot_XP_013076293.1_13991	4fadfc95eed201a11233fdbcbc02fc20	272	SUPERFAMILY	SSF54928	RNA-binding domain, RBD	149	225	1.11E-10	T	29-11-2020	IPR035979	RNA-binding domain superfamily	GO:0003676
Biomphalaria_glabrata_NW_013264163.1_prot_XP_013076293.1_13991	4fadfc95eed201a11233fdbcbc02fc20	272	MobiDBLite	mobidb-lite	consensus disorder prediction	127	142	-	T	29-11-2020
Biomphalaria_glabrata_NW_013264163.1_prot_XP_013076293.1_13991	4fadfc95eed201a11233fdbcbc02fc20	272	Coils	Coil	Coil	200	220	-	T	29-11-2020
Biomphalaria_glabrata_NW_013264163.1_prot_XP_013076293.1_13991	4fadfc95eed201a11233fdbcbc02fc20	272	MobiDBLite	mobidb-lite	consensus disorder prediction	127	147	-	T	29-11-2020
Biomphalaria_glabrata_NW_013264163.1_prot_XP_013076293.1_13991	4fadfc95eed201a11233fdbcbc02fc20	272	ProSiteProfiles	PS50102	Eukaryotic RNA Recognition Motif (RRM) profile.	157	227	10.735	T	29-11-2020	IPR000504	RNA recognition motif domain	GO:0003676
Biomphalaria_glabrata_NW_013264163.1_prot_XP_013076293.1_13991	4fadfc95eed201a11233fdbcbc02fc20	272	SUPERFAMILY	SSF54928	RNA-binding domain, RBD	50	113	8.78E-5	T	29-11-2020	IPR035979	RNA-binding domain superfamily	GO:0003676
Biomphalaria_glabrata_NW_013264163.1_prot_XP_013076293.1_13991	4fadfc95eed201a11233fdbcbc02fc20	272	Pfam	PF00076	RNA recognition motif. (a.k.a. RRM, RBD, or RNP domain)	167	219	2.1E-6	T	29-11-2020	IPR000504	RNA recognition motif domain	GO:0003676
Biomphalaria_glabrata_NW_013264163.1_prot_XP_013076293.1_13991	4fadfc95eed201a11233fdbcbc02fc20	272	Gene3D	G3DSA:3.30.70.330	-	150	239	2.6E-9	T	29-11-2020	IPR012677	Nucleotide-binding alpha-beta plait domain superfamily	
Gekko_japonicus_NW_015171502.1_prot_XP_015274585.1_15670	c4ab27ac63d35bf2fd4d02f6a73cc55c	282	Pfam	PF00076	RNA recognition motif. (a.k.a. RRM, RBD, or RNP domain)	11	63	2.5E-4	T	06-12-2020	IPR000504	RNA recognition motif domain	GO:0003676
Gekko_japonicus_NW_015171502.1_prot_XP_015274585.1_15670	c4ab27ac63d35bf2fd4d02f6a73cc55c	282	Gene3D	G3DSA:2.40.50.90	-	157	272	1.1E-11	T	06-12-2020	IPR035437	SNase-like, OB-fold superfamily	
Gekko_japonicus_NW_015171502.1_prot_XP_015274585.1_15670	c4ab27ac63d35bf2fd4d02f6a73cc55c	282	CDD	cd00590	RRM_SF	11	65	9.85769E-8	T	06-12-2020
Gekko_japonicus_NW_015171502.1_prot_XP_015274585.1_15670	c4ab27ac63d35bf2fd4d02f6a73cc55c	282	PANTHER	PTHR22948:SF12	TUDOR DOMAIN-CONTAINING PROTEIN 10	114	274	1.4E-78	T	06-12-2020
Gekko_japonicus_NW_015171502.1_prot_XP_015274585.1_15670	c4ab27ac63d35bf2fd4d02f6a73cc55c	282	SMART	SM00333	TUDOR_7	200	260	6.1E-5	T	06-12-2020	IPR002999	Tudor domain	
Gekko_japonicus_NW_015171502.1_prot_XP_015274585.1_15670	c4ab27ac63d35bf2fd4d02f6a73cc55c	282	ProSiteProfiles	PS50102	Eukaryotic RNA Recognition Motif (RRM) profile.	1	70	8.842	T	06-12-2020	IPR000504	RNA recognition motif domain	GO:0003676
Gekko_japonicus_NW_015171502.1_prot_XP_015274585.1_15670	c4ab27ac63d35bf2fd4d02f6a73cc55c	282	ProSiteProfiles	PS50304	Tudor domain profile.	201	262	9.455	T	06-12-2020	IPR002999	Tudor domain	
Gekko_japonicus_NW_015171502.1_prot_XP_015274585.1_15670	c4ab27ac63d35bf2fd4d02f6a73cc55c	282	PANTHER	PTHR22948	TUDOR DOMAIN CONTAINING PROTEIN	114	274	1.4E-78	T	06-12-2020
Gekko_japonicus_NW_015171502.1_prot_XP_015274585.1_15670	c4ab27ac63d35bf2fd4d02f6a73cc55c	282	SUPERFAMILY	SSF63748	Tudor/PWWP/MBT	179	273	5.34E-13	T	06-12-2020
Gekko_japonicus_NW_015171502.1_prot_XP_015274585.1_15670	c4ab27ac63d35bf2fd4d02f6a73cc55c	282	Gene3D	G3DSA:3.30.70.330	-	7	77	1.3E-8	T	06-12-2020	IPR012677	Nucleotide-binding alpha-beta plait domain superfamily	
Gekko_japonicus_NW_015171502.1_prot_XP_015274585.1_15670	c4ab27ac63d35bf2fd4d02f6a73cc55c	282	CDD	cd04508	TUDOR	205	253	3.59132E-6	T	06-12-2020
Gekko_japonicus_NW_015171502.1_prot_XP_015274585.1_15670	c4ab27ac63d35bf2fd4d02f6a73cc55c	282	SUPERFAMILY	SSF54928	RNA-binding domain, RBD	12	77	2.17E-8	T	06-12-2020	IPR035979	RNA-binding domain superfamily	GO:0003676
Gekko_japonicus_NW_015171502.1_prot_XP_015274585.1_15670	c4ab27ac63d35bf2fd4d02f6a73cc55c	282	Pfam	PF00567	Tudor domain	167	273	3.5E-10	T	06-12-2020	IPR002999	Tudor domain	
Gekko_japonicus_NW_015171502.1_prot_XP_015274585.1_15670	c4ab27ac63d35bf2fd4d02f6a73cc55c	282	Gene3D	G3DSA:2.30.30.140	-	171	267	1.1E-11	T	06-12-2020
Homo_sapiens_NC_000001.11_prot_XP_011507454.1_7021	97282ea80b678c8a952b39481d9c08f9	398	Gene3D	G3DSA:2.30.30.140	-	247	342	1.5E-10	T	26-01-2021
Homo_sapiens_NC_000001.11_prot_XP_011507454.1_7021	97282ea80b678c8a952b39481d9c08f9	398	Gene3D	G3DSA:2.40.50.90	-	231	347	1.5E-10	T	26-01-2021	IPR035437	SNase-like, OB-fold superfamily	
Homo_sapiens_NC_000001.11_prot_XP_011507454.1_7021	97282ea80b678c8a952b39481d9c08f9	398	PANTHER	PTHR22948:SF12	TUDOR DOMAIN-CONTAINING PROTEIN 10	24	54	2.4E-160	T	26-01-2021
Homo_sapiens_NC_000001.11_prot_XP_011507454.1_7021	97282ea80b678c8a952b39481d9c08f9	398	Gene3D	G3DSA:3.30.70.330	-	24	151	1.2E-9	T	26-01-2021	IPR012677	Nucleotide-binding alpha-beta plait domain superfamily	
Homo_sapiens_NC_000001.11_prot_XP_011507454.1_7021	97282ea80b678c8a952b39481d9c08f9	398	ProSiteProfiles	PS50102	Eukaryotic RNA Recognition Motif (RRM) profile.	41	139	9.746	T	26-01-2021	IPR000504	RNA recognition motif domain	GO:0003676
Homo_sapiens_NC_000001.11_prot_XP_011507454.1_7021	97282ea80b678c8a952b39481d9c08f9	398	Pfam	PF00567	Tudor domain	232	348	8.8E-10	T	26-01-2021	IPR002999	Tudor domain	
Homo_sapiens_NC_000001.11_prot_XP_011507454.1_7021	97282ea80b678c8a952b39481d9c08f9	398	Coils	Coil	Coil	248	268	-	T	26-01-2021
Homo_sapiens_NC_000001.11_prot_XP_011507454.1_7021	97282ea80b678c8a952b39481d9c08f9	398	PANTHER	PTHR22948	TUDOR DOMAIN CONTAINING PROTEIN	79	375	2.4E-160	T	26-01-2021
Homo_sapiens_NC_000001.11_prot_XP_011507454.1_7021	97282ea80b678c8a952b39481d9c08f9	398	PANTHER	PTHR22948	TUDOR DOMAIN CONTAINING PROTEIN	24	54	2.4E-160	T	26-01-2021
Homo_sapiens_NC_000001.11_prot_XP_011507454.1_7021	97282ea80b678c8a952b39481d9c08f9	398	PANTHER	PTHR22948:SF12	TUDOR DOMAIN-CONTAINING PROTEIN 10	79	375	2.4E-160	T	26-01-2021
Homo_sapiens_NC_000001.11_prot_XP_011507454.1_7021	97282ea80b678c8a952b39481d9c08f9	398	SUPERFAMILY	SSF54928	RNA-binding domain, RBD	33	150	1.8E-9	T	26-01-2021	IPR035979	RNA-binding domain superfamily	GO:0003676
Homo_sapiens_NC_000001.11_prot_XP_011507454.1_7021	97282ea80b678c8a952b39481d9c08f9	398	SUPERFAMILY	SSF63748	Tudor/PWWP/MBT	254	347	3.23E-12	T	26-01-2021
Ixodes_scapularis_NW_021917936.1_prot_XP_029846180.1_1913	0d1ac06f4e1527b9a366343a384e53e0	654	SUPERFAMILY	SSF54928	RNA-binding domain, RBD	171	267	3.36E-20	T	09-12-2020	IPR035979	RNA-binding domain superfamily	GO:0003676
Ixodes_scapularis_NW_021917936.1_prot_XP_029846180.1_1913	0d1ac06f4e1527b9a366343a384e53e0	654	Gene3D	G3DSA:3.30.70.330	-	468	545	2.7E-13	T	09-12-2020	IPR012677	Nucleotide-binding alpha-beta plait domain superfamily	
Ixodes_scapularis_NW_021917936.1_prot_XP_029846180.1_1913	0d1ac06f4e1527b9a366343a384e53e0	654	PANTHER	PTHR23236	EUKARYOTIC TRANSLATION INITIATION FACTOR 4B/4H	46	155	8.0E-47	T	09-12-2020
Ixodes_scapularis_NW_021917936.1_prot_XP_029846180.1_1913	0d1ac06f4e1527b9a366343a384e53e0	654	SUPERFAMILY	SSF54928	RNA-binding domain, RBD	349	440	2.55E-12	T	09-12-2020	IPR035979	RNA-binding domain superfamily	GO:0003676
Ixodes_scapularis_NW_021917936.1_prot_XP_029846180.1_1913	0d1ac06f4e1527b9a366343a384e53e0	654	CDD	cd00590	RRM_SF	365	433	1.3495E-10	T	09-12-2020
Ixodes_scapularis_NW_021917936.1_prot_XP_029846180.1_1913	0d1ac06f4e1527b9a366343a384e53e0	654	ProSiteProfiles	PS50102	Eukaryotic RNA Recognition Motif (RRM) profile.	472	545	10.872	T	09-12-2020	IPR000504	RNA recognition motif domain	GO:0003676
Ixodes_scapularis_NW_021917936.1_prot_XP_029846180.1_1913	0d1ac06f4e1527b9a366343a384e53e0	654	MobiDBLite	mobidb-lite	consensus disorder prediction	255	308	-	T	09-12-2020
Ixodes_scapularis_NW_021917936.1_prot_XP_029846180.1_1913	0d1ac06f4e1527b9a366343a384e53e0	654	Gene3D	G3DSA:3.30.70.330	-	549	642	1.0E-5	T	09-12-2020	IPR012677	Nucleotide-binding alpha-beta plait domain superfamily	
Ixodes_scapularis_NW_021917936.1_prot_XP_029846180.1_1913	0d1ac06f4e1527b9a366343a384e53e0	654	CDD	cd00590	RRM_SF	182	251	4.44418E-15	T	09-12-2020
Ixodes_scapularis_NW_021917936.1_prot_XP_029846180.1_1913	0d1ac06f4e1527b9a366343a384e53e0	654	SUPERFAMILY	SSF54928	RNA-binding domain, RBD	54	160	4.75E-14	T	09-12-2020	IPR035979	RNA-binding domain superfamily	GO:0003676
Ixodes_scapularis_NW_021917936.1_prot_XP_029846180.1_1913	0d1ac06f4e1527b9a366343a384e53e0	654	Gene3D	G3DSA:3.30.70.330	-	160	266	1.5E-21	T	09-12-2020	IPR012677	Nucleotide-binding alpha-beta plait domain superfamily	
Ixodes_scapularis_NW_021917936.1_prot_XP_029846180.1_1913	0d1ac06f4e1527b9a366343a384e53e0	654	PANTHER	PTHR23236	EUKARYOTIC TRANSLATION INITIATION FACTOR 4B/4H	355	460	8.0E-47	T	09-12-2020
Ixodes_scapularis_NW_021917936.1_prot_XP_029846180.1_1913	0d1ac06f4e1527b9a366343a384e53e0	654	PANTHER	PTHR23236	EUKARYOTIC TRANSLATION INITIATION FACTOR 4B/4H	473	541	8.0E-47	T	09-12-2020
Ixodes_scapularis_NW_021917936.1_prot_XP_029846180.1_1913	0d1ac06f4e1527b9a366343a384e53e0	654	Gene3D	G3DSA:3.30.70.330	-	358	443	4.0E-14	T	09-12-2020	IPR012677	Nucleotide-binding alpha-beta plait domain superfamily	
Ixodes_scapularis_NW_021917936.1_prot_XP_029846180.1_1913	0d1ac06f4e1527b9a366343a384e53e0	654	PANTHER	PTHR23236	EUKARYOTIC TRANSLATION INITIATION FACTOR 4B/4H	175	283	8.0E-47	T	09-12-2020
Ixodes_scapularis_NW_021917936.1_prot_XP_029846180.1_1913	0d1ac06f4e1527b9a366343a384e53e0	654	MobiDBLite	mobidb-lite	consensus disorder prediction	139	159	-	T	09-12-2020
Ixodes_scapularis_NW_021917936.1_prot_XP_029846180.1_1913	0d1ac06f4e1527b9a366343a384e53e0	654	Pfam	PF00076	RNA recognition motif. (a.k.a. RRM, RBD, or RNP domain)	365	422	2.2E-9	T	09-12-2020	IPR000504	RNA recognition motif domain	GO:0003676
Ixodes_scapularis_NW_021917936.1_prot_XP_029846180.1_1913	0d1ac06f4e1527b9a366343a384e53e0	654	Pfam	PF00076	RNA recognition motif. (a.k.a. RRM, RBD, or RNP domain)	182	249	8.8E-14	T	09-12-2020	IPR000504	RNA recognition motif domain	GO:0003676
Ixodes_scapularis_NW_021917936.1_prot_XP_029846180.1_1913	0d1ac06f4e1527b9a366343a384e53e0	654	Pfam	PF00076	RNA recognition motif. (a.k.a. RRM, RBD, or RNP domain)	474	538	1.2E-9	T	09-12-2020	IPR000504	RNA recognition motif domain	GO:0003676
Ixodes_scapularis_NW_021917936.1_prot_XP_029846180.1_1913	0d1ac06f4e1527b9a366343a384e53e0	654	Pfam	PF00076	RNA recognition motif. (a.k.a. RRM, RBD, or RNP domain)	64	128	5.4E-6	T	09-12-2020	IPR000504	RNA recognition motif domain	GO:0003676
Ixodes_scapularis_NW_021917936.1_prot_XP_029846180.1_1913	0d1ac06f4e1527b9a366343a384e53e0	654	CDD	cd00590	RRM_SF	474	540	5.54473E-11	T	09-12-2020
Ixodes_scapularis_NW_021917936.1_prot_XP_029846180.1_1913	0d1ac06f4e1527b9a366343a384e53e0	654	ProSiteProfiles	PS50102	Eukaryotic RNA Recognition Motif (RRM) profile.	62	141	10.326	T	09-12-2020	IPR000504	RNA recognition motif domain	GO:0003676
Ixodes_scapularis_NW_021917936.1_prot_XP_029846180.1_1913	0d1ac06f4e1527b9a366343a384e53e0	654	PANTHER	PTHR23236:SF11	EUKARYOTIC TRANSLATION INITIATION FACTOR 4H	175	283	8.0E-47	T	09-12-2020
Ixodes_scapularis_NW_021917936.1_prot_XP_029846180.1_1913	0d1ac06f4e1527b9a366343a384e53e0	654	PANTHER	PTHR23236:SF11	EUKARYOTIC TRANSLATION INITIATION FACTOR 4H	46	155	8.0E-47	T	09-12-2020
Ixodes_scapularis_NW_021917936.1_prot_XP_029846180.1_1913	0d1ac06f4e1527b9a366343a384e53e0	654	PANTHER	PTHR23236:SF11	EUKARYOTIC TRANSLATION INITIATION FACTOR 4H	473	541	8.0E-47	T	09-12-2020
Ixodes_scapularis_NW_021917936.1_prot_XP_029846180.1_1913	0d1ac06f4e1527b9a366343a384e53e0	654	ProSiteProfiles	PS50102	Eukaryotic RNA Recognition Motif (RRM) profile.	363	437	11.008	T	09-12-2020	IPR000504	RNA recognition motif domain	GO:0003676
Ixodes_scapularis_NW_021917936.1_prot_XP_029846180.1_1913	0d1ac06f4e1527b9a366343a384e53e0	654	Gene3D	G3DSA:3.30.70.330	-	37	141	7.9E-11	T	09-12-2020	IPR012677	Nucleotide-binding alpha-beta plait domain superfamily	
Ixodes_scapularis_NW_021917936.1_prot_XP_029846180.1_1913	0d1ac06f4e1527b9a366343a384e53e0	654	SMART	SM00360	rrm1_1	570	642	0.21	T	09-12-2020	IPR000504	RNA recognition motif domain	GO:0003676
Ixodes_scapularis_NW_021917936.1_prot_XP_029846180.1_1913	0d1ac06f4e1527b9a366343a384e53e0	654	SMART	SM00360	rrm1_1	364	433	5.4E-9	T	09-12-2020	IPR000504	RNA recognition motif domain	GO:0003676
Ixodes_scapularis_NW_021917936.1_prot_XP_029846180.1_1913	0d1ac06f4e1527b9a366343a384e53e0	654	SMART	SM00360	rrm1_1	63	132	7.9E-10	T	09-12-2020	IPR000504	RNA recognition motif domain	GO:0003676
Ixodes_scapularis_NW_021917936.1_prot_XP_029846180.1_1913	0d1ac06f4e1527b9a366343a384e53e0	654	SMART	SM00360	rrm1_1	181	252	2.1E-18	T	09-12-2020	IPR000504	RNA recognition motif domain	GO:0003676
Ixodes_scapularis_NW_021917936.1_prot_XP_029846180.1_1913	0d1ac06f4e1527b9a366343a384e53e0	654	SMART	SM00360	rrm1_1	473	541	5.9E-9	T	09-12-2020	IPR000504	RNA recognition motif domain	GO:0003676
Ixodes_scapularis_NW_021917936.1_prot_XP_029846180.1_1913	0d1ac06f4e1527b9a366343a384e53e0	654	SUPERFAMILY	SSF54928	RNA-binding domain, RBD	472	642	3.41E-17	T	09-12-2020	IPR035979	RNA-binding domain superfamily	GO:0003676
Ixodes_scapularis_NW_021917936.1_prot_XP_029846180.1_1913	0d1ac06f4e1527b9a366343a384e53e0	654	CDD	cd00590	RRM_SF	571	639	1.0082E-5	T	09-12-2020
Ixodes_scapularis_NW_021917936.1_prot_XP_029846180.1_1913	0d1ac06f4e1527b9a366343a384e53e0	654	ProSiteProfiles	PS50102	Eukaryotic RNA Recognition Motif (RRM) profile.	180	256	14.726	T	09-12-2020	IPR000504	RNA recognition motif domain	GO:0003676
Ixodes_scapularis_NW_021917936.1_prot_XP_029846180.1_1913	0d1ac06f4e1527b9a366343a384e53e0	654	PANTHER	PTHR23236:SF11	EUKARYOTIC TRANSLATION INITIATION FACTOR 4H	355	460	8.0E-47	T	09-12-2020
Ixodes_scapularis_NW_021917936.1_prot_XP_029846180.1_1913	0d1ac06f4e1527b9a366343a384e53e0	654	MobiDBLite	mobidb-lite	consensus disorder prediction	264	287	-	T	09-12-2020
Ixodes_scapularis_NW_021917936.1_prot_XP_029846180.1_1913	0d1ac06f4e1527b9a366343a384e53e0	654	CDD	cd00590	RRM_SF	64	132	9.69345E-9	T	09-12-2020
Lepeophtheirus_salmonis_NC_052136.1_prot_XP_040570285.1_9716	274fcd807fc5d0758fd9a8d5e1f078ff	500	MobiDBLite	mobidb-lite	consensus disorder prediction	9	24	-	T	02-03-2022
Lepeophtheirus_salmonis_NC_052136.1_prot_XP_040570285.1_9716	274fcd807fc5d0758fd9a8d5e1f078ff	500	PANTHER	PTHR21245:SF2	RNA-BINDING PROTEIN 18-RELATED	116	469	3.0E-17	T	02-03-2022
Lepeophtheirus_salmonis_NC_052136.1_prot_XP_040570285.1_9716	274fcd807fc5d0758fd9a8d5e1f078ff	500	MobiDBLite	mobidb-lite	consensus disorder prediction	331	381	-	T	02-03-2022
Lepeophtheirus_salmonis_NC_052136.1_prot_XP_040570285.1_9716	274fcd807fc5d0758fd9a8d5e1f078ff	500	Coils	Coil	Coil	411	472	-	T	02-03-2022
Lepeophtheirus_salmonis_NC_052136.1_prot_XP_040570285.1_9716	274fcd807fc5d0758fd9a8d5e1f078ff	500	ProSiteProfiles	PS50102	Eukaryotic RNA Recognition Motif (RRM) profile.	169	244	12.987	T	02-03-2022	IPR000504	RNA recognition motif domain
Lepeophtheirus_salmonis_NC_052136.1_prot_XP_040570285.1_9716	274fcd807fc5d0758fd9a8d5e1f078ff	500	MobiDBLite	mobidb-lite	consensus disorder prediction	140	168	-	T	02-03-2022
Lepeophtheirus_salmonis_NC_052136.1_prot_XP_040570285.1_9716	274fcd807fc5d0758fd9a8d5e1f078ff	500	Gene3D	G3DSA:3.30.70.330	-	110	255	1.2E-16	T	02-03-2022	IPR012677	Nucleotide-binding alpha-beta plait domain superfamily
Lepeophtheirus_salmonis_NC_052136.1_prot_XP_040570285.1_9716	274fcd807fc5d0758fd9a8d5e1f078ff	500	MobiDBLite	mobidb-lite	consensus disorder prediction	1	27	-	T	02-03-2022
Lepeophtheirus_salmonis_NC_052136.1_prot_XP_040570285.1_9716	274fcd807fc5d0758fd9a8d5e1f078ff	500	MobiDBLite	mobidb-lite	consensus disorder prediction	114	128	-	T	02-03-2022
Lepeophtheirus_salmonis_NC_052136.1_prot_XP_040570285.1_9716	274fcd807fc5d0758fd9a8d5e1f078ff	500	PANTHER	PTHR21245	-	116	469	3.0E-17	T	02-03-2022
Lepeophtheirus_salmonis_NC_052136.1_prot_XP_040570285.1_9716	274fcd807fc5d0758fd9a8d5e1f078ff	500	SUPERFAMILY	SSF54928	RNA-binding domain, RBD	125	242	1.09E-15	T	02-03-2022	IPR035979	RNA-binding domain superfamily
Lepeophtheirus_salmonis_NC_052136.1_prot_XP_040570285.1_9716	274fcd807fc5d0758fd9a8d5e1f078ff	500	MobiDBLite	mobidb-lite	consensus disorder prediction	331	500	-	T	02-03-2022
Lepeophtheirus_salmonis_NC_052136.1_prot_XP_040570285.1_9716	274fcd807fc5d0758fd9a8d5e1f078ff	500	CDD	cd00590	RRM_SF	171	240	5.40401E-11	T	02-03-2022
Lepeophtheirus_salmonis_NC_052136.1_prot_XP_040570285.1_9716	274fcd807fc5d0758fd9a8d5e1f078ff	500	Pfam	PF00076	RNA recognition motif. (a.k.a. RRM, RBD, or RNP domain)	171	238	7.4E-9	T	02-03-2022	IPR000504	RNA recognition motif domain
Lepeophtheirus_salmonis_NC_052136.1_prot_XP_040570285.1_9716	274fcd807fc5d0758fd9a8d5e1f078ff	500	SMART	SM00360	rrm1_1	170	240	1.7E-5	T	02-03-2022	IPR000504	RNA recognition motif domain
Lepeophtheirus_salmonis_NC_052136.1_prot_XP_040570285.1_9716	274fcd807fc5d0758fd9a8d5e1f078ff	500	Coils	Coil	Coil	378	405	-	T	02-03-2022
Lepeophtheirus_salmonis_NC_052136.1_prot_XP_040570285.1_9716	274fcd807fc5d0758fd9a8d5e1f078ff	500	MobiDBLite	mobidb-lite	consensus disorder prediction	382	463	-	T	02-03-2022
Lepeophtheirus_salmonis_NC_052136.1_prot_XP_040570285.1_9716	274fcd807fc5d0758fd9a8d5e1f078ff	500	Gene3D	G3DSA:1.20.5.420	Immunoglobulin FC	256	326	3.3E-7	T	02-03-2022
Lepeophtheirus_salmonis_NC_052136.1_prot_XP_040570285.1_9716	274fcd807fc5d0758fd9a8d5e1f078ff	500	MobiDBLite	mobidb-lite	consensus disorder prediction	104	168	-	T	02-03-2022
Limulus_polyphemus_NW_013665721.1_prot_XP_022256446.1_3165	9b494fd140ba665875eb37baabe5f00a	462	ProSiteProfiles	PS50102	Eukaryotic RNA Recognition Motif (RRM) profile.	21	95	13.464	T	10-12-2020	IPR000504	RNA recognition motif domain	GO:0003676
Limulus_polyphemus_NW_013665721.1_prot_XP_022256446.1_3165	9b494fd140ba665875eb37baabe5f00a	462	CDD	cd00590	RRM_SF	24	91	5.39335E-13	T	10-12-2020
Limulus_polyphemus_NW_013665721.1_prot_XP_022256446.1_3165	9b494fd140ba665875eb37baabe5f00a	462	SMART	SM00360	rrm1_1	22	91	3.6E-11	T	10-12-2020	IPR000504	RNA recognition motif domain	GO:0003676
Limulus_polyphemus_NW_013665721.1_prot_XP_022256446.1_3165	9b494fd140ba665875eb37baabe5f00a	462	PANTHER	PTHR23147	SERINE/ARGININE RICH SPLICING FACTOR	24	216	1.2E-14	T	10-12-2020
Limulus_polyphemus_NW_013665721.1_prot_XP_022256446.1_3165	9b494fd140ba665875eb37baabe5f00a	462	Pfam	PF00076	RNA recognition motif. (a.k.a. RRM, RBD, or RNP domain)	24	89	1.2E-11	T	10-12-2020	IPR000504	RNA recognition motif domain	GO:0003676
Limulus_polyphemus_NW_013665721.1_prot_XP_022256446.1_3165	9b494fd140ba665875eb37baabe5f00a	462	MobiDBLite	mobidb-lite	consensus disorder prediction	94	129	-	T	10-12-2020
Limulus_polyphemus_NW_013665721.1_prot_XP_022256446.1_3165	9b494fd140ba665875eb37baabe5f00a	462	SUPERFAMILY	SSF54928	RNA-binding domain, RBD	12	107	1.88E-17	T	10-12-2020	IPR035979	RNA-binding domain superfamily	GO:0003676
Limulus_polyphemus_NW_013665721.1_prot_XP_022256446.1_3165	9b494fd140ba665875eb37baabe5f00a	462	SUPERFAMILY	SSF54928	RNA-binding domain, RBD	297	430	5.22E-5	T	10-12-2020	IPR035979	RNA-binding domain superfamily	GO:0003676
Limulus_polyphemus_NW_013665721.1_prot_XP_022256446.1_3165	9b494fd140ba665875eb37baabe5f00a	462	Gene3D	G3DSA:3.30.70.330	-	8	118	6.3E-17	T	10-12-2020	IPR012677	Nucleotide-binding alpha-beta plait domain superfamily	
Pomacea_canaliculata_NC_037602.1_prot_XP_025076996.1_37339	518ffe0ccdb50094c2863ed3031650a1	790	ProSiteProfiles	PS50102	Eukaryotic RNA Recognition Motif (RRM) profile.	500	573	9.064	T	16-12-2020	IPR000504	RNA recognition motif domain	GO:0003676
Pomacea_canaliculata_NC_037602.1_prot_XP_025076996.1_37339	518ffe0ccdb50094c2863ed3031650a1	790	Gene3D	G3DSA:2.40.50.90	-	614	725	4.0E-14	T	16-12-2020	IPR035437	SNase-like, OB-fold superfamily	
Pomacea_canaliculata_NC_037602.1_prot_XP_025076996.1_37339	518ffe0ccdb50094c2863ed3031650a1	790	CDD	cd00590	RRM_SF	502	569	1.22962E-9	T	16-12-2020
Pomacea_canaliculata_NC_037602.1_prot_XP_025076996.1_37339	518ffe0ccdb50094c2863ed3031650a1	790	MobiDBLite	mobidb-lite	consensus disorder prediction	193	215	-	T	16-12-2020
Pomacea_canaliculata_NC_037602.1_prot_XP_025076996.1_37339	518ffe0ccdb50094c2863ed3031650a1	790	CDD	cd00590	RRM_SF	277	345	3.23865E-9	T	16-12-2020
Pomacea_canaliculata_NC_037602.1_prot_XP_025076996.1_37339	518ffe0ccdb50094c2863ed3031650a1	790	SUPERFAMILY	SSF63748	Tudor/PWWP/MBT	661	725	6.32E-12	T	16-12-2020
Pomacea_canaliculata_NC_037602.1_prot_XP_025076996.1_37339	518ffe0ccdb50094c2863ed3031650a1	790	Coils	Coil	Coil	422	477	-	T	16-12-2020
Pomacea_canaliculata_NC_037602.1_prot_XP_025076996.1_37339	518ffe0ccdb50094c2863ed3031650a1	790	Pfam	PF00567	Tudor domain	610	709	7.6E-11	T	16-12-2020	IPR002999	Tudor domain	
Pomacea_canaliculata_NC_037602.1_prot_XP_025076996.1_37339	518ffe0ccdb50094c2863ed3031650a1	790	MobiDBLite	mobidb-lite	consensus disorder prediction	357	379	-	T	16-12-2020
Pomacea_canaliculata_NC_037602.1_prot_XP_025076996.1_37339	518ffe0ccdb50094c2863ed3031650a1	790	ProSiteProfiles	PS50102	Eukaryotic RNA Recognition Motif (RRM) profile.	275	349	10.258	T	16-12-2020	IPR000504	RNA recognition motif domain	GO:0003676
Pomacea_canaliculata_NC_037602.1_prot_XP_025076996.1_37339	518ffe0ccdb50094c2863ed3031650a1	790	SUPERFAMILY	SSF54928	RNA-binding domain, RBD	147	190	4.3E-6	T	16-12-2020	IPR035979	RNA-binding domain superfamily	GO:0003676
Pomacea_canaliculata_NC_037602.1_prot_XP_025076996.1_37339	518ffe0ccdb50094c2863ed3031650a1	790	CDD	cd04508	TUDOR	661	705	1.37676E-9	T	16-12-2020
Pomacea_canaliculata_NC_037602.1_prot_XP_025076996.1_37339	518ffe0ccdb50094c2863ed3031650a1	790	PANTHER	PTHR10352	EUKARYOTIC TRANSLATION INITIATION FACTOR 3 SUBUNIT G	148	353	2.3E-20	T	16-12-2020
Pomacea_canaliculata_NC_037602.1_prot_XP_025076996.1_37339	518ffe0ccdb50094c2863ed3031650a1	790	MobiDBLite	mobidb-lite	consensus disorder prediction	357	398	-	T	16-12-2020
Pomacea_canaliculata_NC_037602.1_prot_XP_025076996.1_37339	518ffe0ccdb50094c2863ed3031650a1	790	MobiDBLite	mobidb-lite	consensus disorder prediction	195	215	-	T	16-12-2020
Pomacea_canaliculata_NC_037602.1_prot_XP_025076996.1_37339	518ffe0ccdb50094c2863ed3031650a1	790	Gene3D	G3DSA:3.30.70.330	-	195	360	9.2E-10	T	16-12-2020	IPR012677	Nucleotide-binding alpha-beta plait domain superfamily	
Pomacea_canaliculata_NC_037602.1_prot_XP_025076996.1_37339	518ffe0ccdb50094c2863ed3031650a1	790	Gene3D	G3DSA:3.30.70.330	-	490	584	2.5E-10	T	16-12-2020	IPR012677	Nucleotide-binding alpha-beta plait domain superfamily	
Pomacea_canaliculata_NC_037602.1_prot_XP_025076996.1_37339	518ffe0ccdb50094c2863ed3031650a1	790	Pfam	PF12872	OST-HTH/LOTUS domain	8	67	4.7E-11	T	16-12-2020	IPR025605	OST-HTH/LOTUS domain	
Pomacea_canaliculata_NC_037602.1_prot_XP_025076996.1_37339	518ffe0ccdb50094c2863ed3031650a1	790	SUPERFAMILY	SSF57997	Tropomyosin	379	482	1.5E-5	T	16-12-2020
Pomacea_canaliculata_NC_037602.1_prot_XP_025076996.1_37339	518ffe0ccdb50094c2863ed3031650a1	790	SUPERFAMILY	SSF54928	RNA-binding domain, RBD	273	352	5.78E-12	T	16-12-2020	IPR035979	RNA-binding domain superfamily	GO:0003676
Pomacea_canaliculata_NC_037602.1_prot_XP_025076996.1_37339	518ffe0ccdb50094c2863ed3031650a1	790	Pfam	PF00076	RNA recognition motif. (a.k.a. RRM, RBD, or RNP domain)	502	566	8.8E-5	T	16-12-2020	IPR000504	RNA recognition motif domain	GO:0003676
Pomacea_canaliculata_NC_037602.1_prot_XP_025076996.1_37339	518ffe0ccdb50094c2863ed3031650a1	790	Gene3D	G3DSA:1.10.10.1880	-	1	76	2.0E-14	T	16-12-2020	IPR041966	LOTUS-like domain	
Pomacea_canaliculata_NC_037602.1_prot_XP_025076996.1_37339	518ffe0ccdb50094c2863ed3031650a1	790	Gene3D	G3DSA:2.30.30.140	-	636	719	4.0E-14	T	16-12-2020
Pomacea_canaliculata_NC_037602.1_prot_XP_025076996.1_37339	518ffe0ccdb50094c2863ed3031650a1	790	ProSiteProfiles	PS50304	Tudor domain profile.	655	715	12.759	T	16-12-2020	IPR002999	Tudor domain	
Pomacea_canaliculata_NC_037602.1_prot_XP_025076996.1_37339	518ffe0ccdb50094c2863ed3031650a1	790	ProSiteProfiles	PS51644	OST-type HTH domain profile.	7	81	15.277	T	16-12-2020	IPR025605	OST-HTH/LOTUS domain	
Pomacea_canaliculata_NC_037602.1_prot_XP_025076996.1_37339	518ffe0ccdb50094c2863ed3031650a1	790	SMART	SM00333	TUDOR_7	653	713	2.9E-5	T	16-12-2020	IPR002999	Tudor domain	
Pomacea_canaliculata_NC_037602.1_prot_XP_025076996.1_37339	518ffe0ccdb50094c2863ed3031650a1	790	SUPERFAMILY	SSF54928	RNA-binding domain, RBD	494	581	2.42E-10	T	16-12-2020	IPR035979	RNA-binding domain superfamily	GO:0003676
Pomacea_canaliculata_NC_037602.1_prot_XP_025076996.1_37339	518ffe0ccdb50094c2863ed3031650a1	790	Gene3D	G3DSA:1.20.5.170	-	436	483	7.9E-9	T	16-12-2020
Pomacea_canaliculata_NC_037602.1_prot_XP_025076996.1_37339	518ffe0ccdb50094c2863ed3031650a1	790	SMART	SM00360	rrm1_1	501	569	2.6E-7	T	16-12-2020	IPR000504	RNA recognition motif domain	GO:0003676
Pomacea_canaliculata_NC_037602.1_prot_XP_025076996.1_37339	518ffe0ccdb50094c2863ed3031650a1	790	SMART	SM00360	rrm1_1	276	345	5.0E-6	T	16-12-2020	IPR000504	RNA recognition motif domain	GO:0003676
Xenopus_tropicalis_NC_030684.2_prot_XP_004920072.2_39138	5ecc46f68782b6705587ff934f675636	658	Gene3D	G3DSA:3.30.70.330	-	87	211	2.2E-12	T	22-01-2021	IPR012677	Nucleotide-binding alpha-beta plait domain superfamily	
Xenopus_tropicalis_NC_030684.2_prot_XP_004920072.2_39138	5ecc46f68782b6705587ff934f675636	658	MobiDBLite	mobidb-lite	consensus disorder prediction	88	131	-	T	22-01-2021
Xenopus_tropicalis_NC_030684.2_prot_XP_004920072.2_39138	5ecc46f68782b6705587ff934f675636	658	Gene3D	G3DSA:3.30.70.330	-	228	297	1.1E-13	T	22-01-2021	IPR012677	Nucleotide-binding alpha-beta plait domain superfamily	
Xenopus_tropicalis_NC_030684.2_prot_XP_004920072.2_39138	5ecc46f68782b6705587ff934f675636	658	SUPERFAMILY	SSF63748	Tudor/PWWP/MBT	529	620	6.99E-9	T	22-01-2021
Xenopus_tropicalis_NC_030684.2_prot_XP_004920072.2_39138	5ecc46f68782b6705587ff934f675636	658	CDD	cd00590	RRM_SF	355	422	1.77225E-8	T	22-01-2021
Xenopus_tropicalis_NC_030684.2_prot_XP_004920072.2_39138	5ecc46f68782b6705587ff934f675636	658	PANTHER	PTHR22948	TUDOR DOMAIN CONTAINING PROTEIN	1	86	3.3E-192	T	22-01-2021
Xenopus_tropicalis_NC_030684.2_prot_XP_004920072.2_39138	5ecc46f68782b6705587ff934f675636	658	PANTHER	PTHR22948:SF12	TUDOR DOMAIN-CONTAINING PROTEIN 10	464	658	3.3E-192	T	22-01-2021
Xenopus_tropicalis_NC_030684.2_prot_XP_004920072.2_39138	5ecc46f68782b6705587ff934f675636	658	PANTHER	PTHR22948:SF12	TUDOR DOMAIN-CONTAINING PROTEIN 10	1	86	3.3E-192	T	22-01-2021
Xenopus_tropicalis_NC_030684.2_prot_XP_004920072.2_39138	5ecc46f68782b6705587ff934f675636	658	ProSiteProfiles	PS50102	Eukaryotic RNA Recognition Motif (RRM) profile.	11	84	13.055	T	22-01-2021	IPR000504	RNA recognition motif domain	GO:0003676
Xenopus_tropicalis_NC_030684.2_prot_XP_004920072.2_39138	5ecc46f68782b6705587ff934f675636	658	ProSiteProfiles	PS50102	Eukaryotic RNA Recognition Motif (RRM) profile.	353	426	10.48	T	22-01-2021	IPR000504	RNA recognition motif domain	GO:0003676
Xenopus_tropicalis_NC_030684.2_prot_XP_004920072.2_39138	5ecc46f68782b6705587ff934f675636	658	Gene3D	G3DSA:3.30.70.330	-	341	431	4.7E-10	T	22-01-2021	IPR012677	Nucleotide-binding alpha-beta plait domain superfamily	
Xenopus_tropicalis_NC_030684.2_prot_XP_004920072.2_39138	5ecc46f68782b6705587ff934f675636	658	Gene3D	G3DSA:3.30.70.330	-	3	86	6.6E-16	T	22-01-2021	IPR012677	Nucleotide-binding alpha-beta plait domain superfamily	
Xenopus_tropicalis_NC_030684.2_prot_XP_004920072.2_39138	5ecc46f68782b6705587ff934f675636	658	MobiDBLite	mobidb-lite	consensus disorder prediction	108	126	-	T	22-01-2021
Xenopus_tropicalis_NC_030684.2_prot_XP_004920072.2_39138	5ecc46f68782b6705587ff934f675636	658	Gene3D	G3DSA:2.30.30.140	-	525	620	1.8E-6	T	22-01-2021
Xenopus_tropicalis_NC_030684.2_prot_XP_004920072.2_39138	5ecc46f68782b6705587ff934f675636	658	Pfam	PF00567	Tudor domain	513	621	6.0E-5	T	22-01-2021	IPR002999	Tudor domain	
Xenopus_tropicalis_NC_030684.2_prot_XP_004920072.2_39138	5ecc46f68782b6705587ff934f675636	658	SUPERFAMILY	SSF54928	RNA-binding domain, RBD	12	198	3.94E-26	T	22-01-2021	IPR035979	RNA-binding domain superfamily	GO:0003676
Xenopus_tropicalis_NC_030684.2_prot_XP_004920072.2_39138	5ecc46f68782b6705587ff934f675636	658	ProSiteProfiles	PS50102	Eukaryotic RNA Recognition Motif (RRM) profile.	130	203	10.019	T	22-01-2021	IPR000504	RNA recognition motif domain	GO:0003676
Xenopus_tropicalis_NC_030684.2_prot_XP_004920072.2_39138	5ecc46f68782b6705587ff934f675636	658	PANTHER	PTHR22948	TUDOR DOMAIN CONTAINING PROTEIN	464	658	3.3E-192	T	22-01-2021
Xenopus_tropicalis_NC_030684.2_prot_XP_004920072.2_39138	5ecc46f68782b6705587ff934f675636	658	PANTHER	PTHR22948	TUDOR DOMAIN CONTAINING PROTEIN	94	315	3.3E-192	T	22-01-2021
Xenopus_tropicalis_NC_030684.2_prot_XP_004920072.2_39138	5ecc46f68782b6705587ff934f675636	658	PANTHER	PTHR22948	TUDOR DOMAIN CONTAINING PROTEIN	352	425	3.3E-192	T	22-01-2021
Xenopus_tropicalis_NC_030684.2_prot_XP_004920072.2_39138	5ecc46f68782b6705587ff934f675636	658	CDD	cd00590	RRM_SF	13	77	6.6081E-14	T	22-01-2021
Xenopus_tropicalis_NC_030684.2_prot_XP_004920072.2_39138	5ecc46f68782b6705587ff934f675636	658	PANTHER	PTHR22948:SF12	TUDOR DOMAIN-CONTAINING PROTEIN 10	94	315	3.3E-192	T	22-01-2021
Xenopus_tropicalis_NC_030684.2_prot_XP_004920072.2_39138	5ecc46f68782b6705587ff934f675636	658	ProSiteProfiles	PS50102	Eukaryotic RNA Recognition Motif (RRM) profile.	227	300	11.213	T	22-01-2021	IPR000504	RNA recognition motif domain	GO:0003676
Xenopus_tropicalis_NC_030684.2_prot_XP_004920072.2_39138	5ecc46f68782b6705587ff934f675636	658	Pfam	PF00076	RNA recognition motif. (a.k.a. RRM, RBD, or RNP domain)	229	293	4.5E-11	T	22-01-2021	IPR000504	RNA recognition motif domain	GO:0003676
Xenopus_tropicalis_NC_030684.2_prot_XP_004920072.2_39138	5ecc46f68782b6705587ff934f675636	658	Pfam	PF00076	RNA recognition motif. (a.k.a. RRM, RBD, or RNP domain)	132	196	1.9E-7	T	22-01-2021	IPR000504	RNA recognition motif domain	GO:0003676
Xenopus_tropicalis_NC_030684.2_prot_XP_004920072.2_39138	5ecc46f68782b6705587ff934f675636	658	Pfam	PF00076	RNA recognition motif. (a.k.a. RRM, RBD, or RNP domain)	355	420	2.9E-5	T	22-01-2021	IPR000504	RNA recognition motif domain	GO:0003676
Xenopus_tropicalis_NC_030684.2_prot_XP_004920072.2_39138	5ecc46f68782b6705587ff934f675636	658	Pfam	PF00076	RNA recognition motif. (a.k.a. RRM, RBD, or RNP domain)	13	77	1.9E-14	T	22-01-2021	IPR000504	RNA recognition motif domain	GO:0003676
Xenopus_tropicalis_NC_030684.2_prot_XP_004920072.2_39138	5ecc46f68782b6705587ff934f675636	658	SUPERFAMILY	SSF54928	RNA-binding domain, RBD	224	426	3.19E-21	T	22-01-2021	IPR035979	RNA-binding domain superfamily	GO:0003676
Xenopus_tropicalis_NC_030684.2_prot_XP_004920072.2_39138	5ecc46f68782b6705587ff934f675636	658	CDD	cd00590	RRM_SF	229	293	1.77379E-12	T	22-01-2021
Xenopus_tropicalis_NC_030684.2_prot_XP_004920072.2_39138	5ecc46f68782b6705587ff934f675636	658	PANTHER	PTHR22948:SF12	TUDOR DOMAIN-CONTAINING PROTEIN 10	352	425	3.3E-192	T	22-01-2021
Xenopus_tropicalis_NC_030684.2_prot_XP_004920072.2_39138	5ecc46f68782b6705587ff934f675636	658	SMART	SM00360	rrm1_1	354	422	6.9E-5	T	22-01-2021	IPR000504	RNA recognition motif domain	GO:0003676
Xenopus_tropicalis_NC_030684.2_prot_XP_004920072.2_39138	5ecc46f68782b6705587ff934f675636	658	SMART	SM00360	rrm1_1	228	296	6.5E-10	T	22-01-2021	IPR000504	RNA recognition motif domain	GO:0003676
Xenopus_tropicalis_NC_030684.2_prot_XP_004920072.2_39138	5ecc46f68782b6705587ff934f675636	658	SMART	SM00360	rrm1_1	131	199	1.1E-5	T	22-01-2021	IPR000504	RNA recognition motif domain	GO:0003676
Xenopus_tropicalis_NC_030684.2_prot_XP_004920072.2_39138	5ecc46f68782b6705587ff934f675636	658	SMART	SM00360	rrm1_1	12	80	3.0E-12	T	22-01-2021	IPR000504	RNA recognition motif domain	GO:0003676
